Delegacia;E-mail;Nome Antigo
DELEGACIA DE POLÍCIA CIVIL DE COMBATE À CORRUPÇÃO;decor@pc.ce.gov.br;DELEGACIA DE COMBATE A CORRUPÇÃO FORTALEZA
DELEGACIA DE POLÍCIA CIVIL DE COMBATE AOS CRIMES CONTRA A ORDEM TRIBUTÁRIA;deccot@pc.ce.gov.br;DELEGACIA DE COMBATE AOS CRIMES CONTRA A ORDEM TRIBUTÁRIA
DELEGACIA DE POLÍCIA CIVIL DE COMBATE AOS CRIMES DE LAVAGEM DE DINHEIRO;dcld@pc.ce.gov.br;DELEGACIA DE COMBATE AOS CRIMES DE LAVAGEM DE DINHEIRO
DELEGACIA DE POLÍCIA CIVIL DE ASSUNTOS INTERNOS;dai@pc.ce.gov.br;DELEGACIA DE ASSUNTOS INTERNOS
DELEGACIA DE POLÍCIA CIVIL DE CAPTURAS E POLINTER;decap@pc.ce.gov.br;DELEGACIA DE CAPTURAS E POLINTER
DELEGACIA DE POLÍCIA CIVIL DE PROTEÇÃO AO MEIO AMBIENTE;dpma@pc.ce.gov.br;DELEGACIA DE PROTEÇÃO AO MEIO AMBIENTE
DELEGACIA DE POLÍCIA CIVIL DE PROTEÇÃO AO TURISTA;deprotur@pc.ce.gov.br;DELEGACIA DE PROTEÇÃO AO TURISTA
DELEGACIA DE POLÍCIA CIVIL DE REPRESSÃO AOS CRIMES CIBERNÉTICOS;drcc@pc.ce.gov.br;DELEGACIA DE REPRESSÃO AOS CRIMES CIBERNÉTICOS
DELEGACIA DE POLÍCIA CIVIL DO AEROPORTO PINTO MARTINS;daer@pc.ce.gov.br;DELEGACIA DO AEROPORTO
DELEGACIA DO TORCEDOR E DOS GRANDES EVENTOS;dadt@policiacivil.ce.gov.br;
DELEGACIA DE COMBATE AO TRÁFICO DE ARMAS, MUNIÇÕES E EXPLOSIVOS;desarme@pc.ce.gov.br;
DELEGACIA DE POLÍCIA CIVIL ANTISSE?UESTRO;das@pc.ce.gov.br;DELEGACIA ANTISSE?UESTRO
DELEGACIA DE POLÍCIA CIVIL DE DEFRAUDAÇÕES E FALSIFICAÇÕES;ddf@pc.ce.gov.br;DELEGACIA DE DEFRAUDAÇÕES E FALSIFICAÇÕES
DELEGACIA DE POLÍCIA CIVIL DE ROUBOS E FURTOS;drf@pc.ce.gov.br;DELEGACIA DE ROUBOS E FURTOS
DELEGACIA DE POLÍCIA CIVIL DE ROUBOS E FURTOS DE VEÍCULOS;drfvc@pc.ce.gov.br;DELEGACIA DE ROUBOS E FURTOS DE VEÍCULOS E CARGAS
DELEGACIA DE POLÍCIA CIVIL DE NARCÓTICOS;denarc@pc.ce.gov.br;DELEGACIA DE NARCÓTICOS
DELEGACIA DE POLÍCIA CIVIL DE REPRESSÃO ÀS AÇÕES CRIMINOSAS ORGANIZADAS;draco@pc.ce.gov.br;DELEGACIA DE REPRESSÃO ÀS AÇÕES CRIMINOSAS ORGANIZADAS
DELEGACIA DE POLÍCIA CIVIL DE REPRESSÃO ÀS AÇÕES CRIMINOSAS ORGANIZADAS DO INTERIOR NORTE;Não encontrado;
DELEGACIA DE POLÍCIA CIVIL DE REPRESSÃO ÀS AÇÕES CRIMINOSAS ORGANIZADAS DO INTERIOR SUL;Não encontrado;
1ª DELEGACIA DE POLÍCIA CIVIL DA CAPITAL;1dpfortaleza@pc.ce.gov.br;1º DISTRITO POLICIAL
2ª DELEGACIA DE POLÍCIA CIVIL DA CAPITAL;2dpfortaleza@pc.ce.gov.br;2º DISTRITO POLICIAL
3ª DELEGACIA DE POLÍCIA CIVIL DA CAPITAL;3dpfortaleza@pc.ce.gov.br;3º DISTRITO POLICIAL
4ª DELEGACIA DE POLÍCIA CIVIL DA CAPITAL;4dpfortaleza@pc.ce.gov.br;4º DISTRITO POLICIAL
5ª DELEGACIA DE POLÍCIA CIVIL DA CAPITAL;5dpfortaleza@pc.ce.gov.br;5º DISTRITO POLICIAL
6ª DELEGACIA DE POLÍCIA CIVIL DA CAPITAL;6dpcapital@pc.ce.gov.br;6º DISTRITO POLICIAL
7ª DELEGACIA DE POLÍCIA CIVIL DA CAPITAL;7dpfortaleza@pc.ce.gov.br;7º DISTRITO POLICIAL
8ª DELEGACIA DE POLÍCIA CIVIL DA CAPITAL;8dpfortaleza@pc.ce.gov.br;8º DISTRITO POLICIAL
9ª DELEGACIA DE POLÍCIA CIVIL DA CAPITAL;9dpfortaleza@pc.ce.gov.br;9º DISTRITO POLICIAL
10ª DELEGACIA DE POLÍCIA CIVIL DA CAPITAL;10dpfortaleza@pc.ce.gov.br;10º DISTRITO POLICIAL
11ª DELEGACIA DE POLÍCIA CIVIL DA CAPITAL;11dpfortaleza@pc.ce.gov.br;11º DISTRITO POLICIAL
12ª DELEGACIA DE POLÍCIA CIVIL DA CAPITAL;12dpfortaleza@pc.ce.gov.br;12º DISTRITO POLICIAL
13ª DELEGACIA DE POLÍCIA CIVIL DA CAPITAL;13dpfortaleza@pc.ce.gov.br;13º DISTRITO POLICIAL
14ª DELEGACIA DE POLÍCIA CIVIL DA CAPITAL;14dpfortaleza@pc.ce.gov.br;26º DISTRITO POLICIAL
15ª DELEGACIA DE POLÍCIA CIVIL DA CAPITAL;15dpfortaleza@pc.ce.gov.br;15º DISTRITO POLICIAL
16ª DELEGACIA DE POLÍCIA CIVIL DA CAPITAL;16dpfortaleza@pc.ce.gov.br;16º DISTRITO POLICIAL
17ª DELEGACIA DE POLÍCIA CIVIL DA CAPITAL;17dpfortaleza@pc.ce.gov.br;17º DISTRITO POLICIAL
18ª DELEGACIA DE POLÍCIA CIVIL DA CAPITAL;18dpfortaleza@pc.ce.gov.br;35º DISTRITO POLICIAL
19ª DELEGACIA DE POLÍCIA CIVIL DA CAPITAL;19dpfortaleza@pc.ce.gov.br;19º DISTRITO POLICIAL
20ª DELEGACIA DE POLÍCIA CIVIL DA CAPITAL;20dpfortaleza@pc.ce.gov.br;30º DISTRITO POLICIAL
21ª DELEGACIA DE POLÍCIA CIVIL DA CAPITAL;21dpfortaleza@pc.ce.gov.br;27º DISTRITO POLICIAL
22ª DELEGACIA DE POLÍCIA CIVIL DA CAPITAL;22dpcapital@pc.ce.gov.br;32º DISTRITO POLICIAL
23º DELEGACIA DE POLÍCIA CIVIL DA CAPITAL;23dpfortaleza@pc.ce.gov.br;33º DISTRITO POLICIAL
24ª DELEGACIA DE POLÍCIA CIVIL DA CAPITAL;24dpfortaleza@pc.ce.gov.br;34º DISTRITO POLICIAL
25ª DELEGACIA DE POLÍCIA CIVIL DA CAPITAL;25dpfortaleza@pc.ce.gov.br;25º DISTRITO POLICIAL
1ª DELEGACIA DE POLÍCIA CIVIL DE DEFESA DA MULHER DE FORTALEZA;ddmfortaleza@pc.ce.gov.br;DELEGACIA DE DEFESA DA MULHER DE FORTALEZA
2ª DELEGACIA DE POLÍCIA CIVIL DE DEFESA DA MULHER DE FORTALEZA;2ddmfortaleza@pc.ce.gov.br;
DELEGACIA DE POLÍCIA CIVIL DA CRIANÇA E DO ADOLESCENTE;dca@pc.ce.gov.br;DELEGACIA DA CRIANÇA E DO ADOLESCENTE
DELEGACIA DE POLÍCIA CIVIL DE COMBATE À EXPLORAÇÃO DA CRIANÇA E DO ADOLESCENTE;dpca@pcce.gov.br;DELEGACIA DE COMBATE À EXPLORAÇÃO DA CRIANÇA E DO ADOLES
DELEGACIA DE POLÍCIA CIVIL DE DEFESA DA MULHER DE CAUCAIA;ddmcaucaia@pc.ce.gov.br;DELEGACIA DE DEFESA DA MULHER DE CAUCAIA
DELEGACIA DE POLÍCIA CIVIL DE DEFESA DA MULHER DE CRATO;ddmcrato@pc.ce.gov.br;DELEGACIA DE DEFESA DA MULHER DE CRATO
DELEGACIA DE POLÍCIA CIVIL DE DEFESA DA MULHER DE ICÓ;deamico@pc.ce.gov.br;DELEGACIA DE DEFESA DA MULHER DE ICÓ
DELEGACIA DE POLÍCIA CIVIL DE DEFESA DA MULHER DE IGUATU;ddmiguatu@pc.ce.gov.br;DELEGACIA DE DEFESA DA MULHER DE IGUATU
DELEGACIA DE POLÍCIA CIVIL DE DEFESA DA MULHER DE JUAZEIRO DO NORTE;ddmjuazeiro@pc.ce.gov.br;DELEGACIA DE DEFESA DA MULHER DE JUAZEIRO DO NORTE
DELEGACIA DE POLÍCIA CIVIL DE DEFESA DA MULHER DE MARACANAÚ;ddmmaracanau@pc.ce.gov.br;DELEGACIA DE DEFESA DA MULHER DE MARACANAÚ
DELEGACIA DE POLÍCIA CIVIL DE DEFESA DA MULHER DE PACATUBA;ddmpacatuba@pc.ce.gov.br;DELEGACIA DE DEFESA DA MULHER DE PACATUBA
DELEGACIA DE POLÍCIA CIVIL DE DEFESA DA MULHER DE ?UIXADÁ;deamquixada@pc.ce.gov.br;DELEGACIA DE DEFESA DA MULHER DE ?UIXADÁ
DELEGACIA DE POLÍCIA CIVIL DE DEFESA DA MULHER DE SOBRAL;ddmsobral@pc.ce.gov.br;DELEGACIA DE DEFESA DA MULHER DE SOBRAL
DELEGACIA DE POLÍCIA CIVIL DE PROTEÇÃO AO IDOSO E PESSOA COM DEFICIÊNCIA;dpipd@pc.ce.gov.br;DELEGACIA DE PROTEÇÃO AO IDOSO E PESSOA COM DEFICIÊNCIA
DELEGACIA DE POLÍCIA CIVIL DE REPRESSÃO AOS CRIMES DE INTOLERÂNCIA RACIAL, RELIGIOSA, POR IDENTIDADE D;decrin@pc.ce.gov.br;DELEGACIA DE REPRESSÃO AOS CRIMES POR DISCRIMINAÇÃO RACI
1ª DELEGACIA DE POLÍCIA CIVIL DE HOMICÍDIOS E PROTEÇÃO À PESSOA;1dh@pc.ce.gov.br;1ª DELEGACIA DE HOMICÍDIOS
2ª DELEGACIA DE POLÍCIA CIVIL DE HOMICÍDIOS E PROTEÇÃO À PESSOA;2dh@pc.ce.gov.br;2ª DELEGACIA DE HOMICÍDIOS
3ª DELEGACIA DE POLÍCIA CIVIL DE HOMICÍDIOS E PROTEÇÃO À PESSOA;3dh@pc.ce.gov.br;3ª DELEGACIA DE HOMICÍDIOS
4ª DELEGACIA DE POLÍCIA CIVIL DE HOMICÍDIOS E PROTEÇÃO À PESSOA;4dh@pc.ce.gov.br;4ª DELEGACIA DE HOMICÍDIOS
5ª DELEGACIA DE POLÍCIA CIVIL DE HOMICÍDIOS E PROTEÇÃO À PESSOA;5dh@pc.ce.gov.br;5ª DELEGACIA DE HOMICÍDIOS
6ª DELEGACIA DE POLÍCIA CIVIL DE HOMICÍDIOS E PROTEÇÃO À PESSOA;6dh@pc.ce.gov.br;6ª DELEGACIA DE HOMICÍDIOS
7ª DELEGACIA DE POLÍCIA CIVIL DE HOMICÍDIOS E PROTEÇÃO À PESSOA;7dh@pc.ce.gov.br;7ª DELEGACIA DE HOMICÍDIOS
8ª DELEGACIA DE POLÍCIA CIVIL DE HOMICÍDIOS E PROTEÇÃO À PESSOA;8dh@pc.ce.gov.br;8ª DELEGACIA DE HOMICÍDIOS
9ª DELEGACIA DE POLÍCIA CIVIL DE HOMICÍDIOS E PROTEÇÃO À PESSOA;9dh@pc.ce.gov.br;9ª DELEGACIA DE HOMICÍDIOS
10ª DELEGACIA DE POLÍCIA CIVIL DE HOMICÍDIOS E PROTEÇÃO À PESSOA;10dh@pc.ce.gov.br;10ª DELEGACIA DE HOMICÍDIOS
DELEGACIA DE POLÍCIA CIVIL DE HOMICÍDIOS CONTRA AGENTES DE SEGURANÇA PÚBLICA;11dh@pc.ce.gov.br;11ª DELEGACIA DE HOMICÍDIOS
DELEGACIA DE POLÍCIA CIVIL DE PESSOAS DESAPARECIDAS;desaparecidos@pc.ce.gov.br;12ª DELEGACIA DE HOMICÍDIOS
1ª DELEGACIA DE POLÍCIA CIVIL DE CAUCAIA;1dpcaucaia@pc.ce.gov.br;DELEGACIA METROPOLITANA DE CAUCAIA
1ª DELEGACIA DE POLÍCIA CIVIL DE MARACANAÚ;1dpmaracanau@pc.ce.gov.br;DELEGACIA METROPOLITANA DE MARACANAÚ
1ª DELEGACIA DE POLÍCIA CIVIL DE PACATUBA;2dpcaucaia@pc.ce.gov.br;DELEGACIA METROPOLITANA DE PACATUBA
2º DELEGACIA DE POLÍCIA CIVIL DE CAUCAIA;2dpcaucaia@pc.ce.gov.br;18º DISTRITO POLICIAL
2ª DELEGACIA DE POLÍCIA CIVIL DE MARACANAÚ;2dpmaracanau@pc.ce.gov.br;29º DISTRITO POLICIAL
2ª DELEGACIA DE POLÍCIA CIVIL DE PACATUBA;4dpmaracanau@pc.ce.gov.br;24º DISTRITO POLICIAL
3ª DELEGACIA DE POLÍCIA CIVIL DE CAUCAIA;5dpmaracanau@pc.ce.gov.br;23º DISTRITO POLICIAL
3ª DELEGACIA DE POLÍCIA CIVIL DE MARACANAÚ;3dpmaracanau@pc.ce.gov.br;20º DISTRITO POLICIAL
4ª DELEGACIA DE POLÍCIA CIVIL DE CAUCAIA;4dpcaucaia@pc.ce.gov.br;22º DISTRITO POLICIAL
4ª DELEGACIA DE POLÍCIA CIVIL DE MARACANAÚ;4dpmaracanau@pc.ce.gov.br;21º DISTRITO POLICIAL
5ª DELEGACIA DE POLÍCIA CIVIL DE CAUCAIA;5dpcaucaia@pc.ce.gov.br;31º DISTRITO POLICIAL
5ª DELEGACIA DE POLÍCIA CIVIL DE MARACANAÚ;5dpmaracanau@pc.ce.gov.br;28º DISTRITO POLICIAL
6ª DELEGACIA DE POLÍCIA CIVIL DE MARACANAÚ;6dpmaracanau@pc.ce.gov.br;14º DISTRITO POLICIAL
DELEGACIA DE POLÍCIA CIVIL DE A?UIRAZ;1dpaquiraz@pc.ce.gov.br;DELEGACIA METROPOLITANA DE A?UIRAZ
DELEGACIA DE POLÍCIA CIVIL DE CASCAVEL;1dpcascavel@pc.ce.gov.br;DELEGACIA METROPOLITANA DE CASCAVEL
DELEGACIA DE POLÍCIA CIVIL DE CHOROZINHO;1dpchorozinho@pc.ce.gov.br;DELEGACIA METROPOLITANA DE CHOROZINHO
DELEGACIA DE POLÍCIA CIVIL DE EUSÉBIO;1dpeusebio@pc.ce.gov.br;DELEGACIA METROPOLITANA DE EUSÉBIO
DELEGACIA DE POLÍCIA CIVIL DE GUAIÚBA;1dpguaiuba@pc.ce.gov.br;DELEGACIA METROPOLITANA DE GUAIÚBA
DELEGACIA DE POLÍCIA CIVIL DE HORIZONTE;1dphorizonte@pc.ce.gov.br;DELEGACIA METROPOLITANA DE HORIZONTE
DELEGACIA DE POLÍCIA CIVIL DE ITAITINGA;1dpitaitinga@pc.ce.gov.br;DELEGACIA METROPOLITANA DE ITAITINGA
DELEGACIA DE POLÍCIA CIVIL DE MARANGUAPE;1dpmaranguape@pc.ce.gov.br;DELEGACIA METROPOLITANA DE MARANGUAPE
DELEGACIA DE POLÍCIA CIVIL DE PACAJUS;1dppacajus@pc.ce.gov.br;DELEGACIA METROPOLITANA DE PACAJUS
DELEGACIA DE POLÍCIA CIVIL DE PARACURU;1dpparacuru@pc.ce.gov.br;DELEGACIA METROPOLITANA DE PARACURU
DELEGACIA DE POLÍCIA CIVIL DE PARAIPABA;1dpparaipaba@pc.ce.gov.br;DELEGACIA METROPOLITANA DE PARAIPABA
DELEGACIA DE POLÍCIA CIVIL DE PINDORETAMA;1dppindoretama@pc.ce.gov.br;DELEGACIA METROPOLITANA DE PINDORETAMA
DELEGACIA DE POLÍCIA CIVIL DE SÃO GONÇALO DO AMARANTE;1dpsaogoncalo@pc.ce.gov.br;DELEGACIA METROPOLITANA DE SÃO GONÇALO DO AMARANTE
DELEGACIA DE POLÍCIA CIVIL DE TRAIRI;1dptrairi@pc.ce.gov.br;DELEGACIA METROPOLITANA DE TRAIRI
1ª DELEGACIA DE POLÍCIA CIVIL DE SOBRAL;1dpsobral@pc.ce.gov.br;DELEGACIA REGIONAL DE SOBRAL
2ª DELEGACIA DE POLÍCIA CIVIL DE SOBRAL;2dpsobral@pc.ce.gov.br;DELEGACIA MUNICIPAL DE SOBRAL
DELEGACIA DE POLÍCIA CIVIL DE ACARAÚ;1dpsacarau@pc.ce.gov.br;DELEGACIA REGIONAL DE ACARAÚ
DELEGACIA DE POLÍCIA CIVIL DE AMONTADA;1dpamontada@pc.ce.gov.br;DELEGACIA MUNICIPAL DE AMONTADA
DELEGACIA DE POLÍCIA CIVIL DE ARACOIABA;1dparacoiaba@pc.ce.gov.br;DELEGACIA MUNICIPAL DE ARACOIABA
DELEGACIA DE POLÍCIA CIVIL DE BARREIRA;1dpbarreira@pc.ce.gov.br;DELEGACIA MUNICIPAL DE BARREIRA
DELEGACIA DE POLÍCIA CIVIL DE BATURITÉ;1dpbaturite@pc.ce.gov.br;DELEGACIA REGIONAL DE BATURITÉ
DELEGACIA DE POLÍCIA CIVIL DE BELA CRUZ;1dpbelacruz@pc.ce.gov.br;DELEGACIA MUNICIPAL DE BELA CRUZ
DELEGACIA DE POLÍCIA CIVIL DE BOA VIAGEM;1dpboaviagem@pc.ce.gov.br;DELEGACIA MUNICIPAL DE BOA VIAGEM
DELEGACIA DE POLÍCIA CIVIL DE CAMOCIM;1dpcamocim@pc.ce.gov.br;DELEGACIA REGIONAL DE CAMOCIM
DELEGACIA DE POLÍCIA CIVIL DE CANINDÉ;1dpcaninde@pc.ce.gov.br;DELEGACIA REGIONAL DE CANINDÉ
DELEGACIA DE POLÍCIA CIVIL DE CHAVAL;1dpchaval@pc.ce.gov.br;DELEGACIA MUNICIPAL DE CHAVAL
DELEGACIA DE POLÍCIA CIVIL DE COREAÚ;1dpcoreau@pc.ce.gov.br;DELEGACIA MUNICIPAL DE COREAÚ
DELEGACIA DE POLÍCIA CIVIL DE CRATEÚS;1dpcrateus@pc.ce.gov.br;DELEGACIA REGIONAL DE CRATEÚS
DELEGACIA DE POLÍCIA CIVIL DE CRUZ;1dpcruz@pc.ce.gov.br;DELEGACIA MUNICIPAL DE CRUZ
DELEGACIA DE POLÍCIA CIVIL DE FOR?UILHA;Não encontrado;DELEGACIA MUNICIPAL DE FOR?UILHA
DELEGACIA DE POLÍCIA CIVIL DE GRANJA;1dpgranja@pc.ce.gov.br;DELEGACIA MUNICIPAL DE GRANJA
DELEGACIA DE POLÍCIA CIVIL DE GUARACIABA DO NORTE;1dpguaraciaba@pc.ce.gov.br;DELEGACIA MUNICIPAL DE GUARACIABA DO NORTE
DELEGACIA DE POLÍCIA CIVIL DE GUARAMIRANGA;1dpguaramiranga@pc.ce.gov.br;DELEGACIA MUNICIPAL DE GUARAMIRANGA
DELEGACIA DE POLÍCIA CIVIL DE INDEPENDÊNCIA;1dpindependencia@pc.ce.gov.br;DELEGACIA MUNICIPAL DE INDEPENDÊNCIA
DELEGACIA DE POLÍCIA CIVIL DE IPU;1dpipu@pc.ce.gov.br;DELEGACIA MUNICIPAL DE IPÚ
DELEGACIA DE POLÍCIA CIVIL DE IPUEIRAS;1dpipueiras@pc.ce.gov.br;DELEGACIA MUNICIPAL DE IPUEIRAS
DELEGACIA DE POLÍCIA CIVIL DE ITAPAJÉ;1dpitapaje@pc.ce.gov.br;DELEGACIA MUNICIPAL DE ITAPAJÉ
DELEGACIA DE POLÍCIA CIVIL DE ITAPIPOCA;1dpitapipoca@pc.ce.gov.br;DELEGACIA REGIONAL DE ITAPIPOCA
DELEGACIA DE POLÍCIA CIVIL DE ITAREMA;1dpitarema@pc.ce.gov.br;DELEGACIA MUNICIPAL DE ITAREMA
DELEGACIA DE POLÍCIA CIVIL DE JIJOCA DE JERICOACOARA;1dpjijoca@pc.ce.gov.br;DELEGACIA MUNICIPAL DE JIJOCA DE JERICOACOARA
DELEGACIA DE POLÍCIA CIVIL DE MARCO;1dpmarco@pc.ce.gov.br;DELEGACIA MUNICIPAL DE MARCO
DELEGACIA DE POLÍCIA CIVIL DE MASSAPÊ;1dpmassape@pc.ce.gov.br;DELEGACIA MUNICIPAL DE MASSAPÊ
DELEGACIA DE POLÍCIA CIVIL DE MONSENHOR TABOSA;1dpmtabosa@pc.ce.gov.br;DELEGACIA MUNICIPAL DE MONSENHOR TABOSA
DELEGACIA DE POLÍCIA CIVIL DE NOVA RUSSAS;1dpnovarussas@pc.ce.gov.br;DELEGACIA MUNICIPAL DE NOVO ORIENTE
DELEGACIA DE POLÍCIA CIVIL DE NOVO ORIENTE;1dpnovooriente@pc.ce.gov.br;DELEGACIA MUNICIPAL DE NOVA RUSSAS
DELEGACIA DE POLÍCIA CIVIL DE OCARA;1dpocara@pc.ce.gov.br;DELEGACIA MUNICIPAL DE OCARA
DELEGACIA DE POLÍCIA CIVIL DE PACUJÁ;1dppacuja@pc.ce.gov.br;DELEGACIA MUNICIPAL DE PACUJÁ
DELEGACIA DE POLÍCIA CIVIL DE PENTECOSTE;1dppentecoste@pc.ce.gov.br;DELEGACIA MUNICIPAL DE PENTECOSTE
DELEGACIA DE POLÍCIA CIVIL DE REDENÇÃO;1dpredencao@pc.ce.gov.br;DELEGACIA MUNICIPAL DE REDENÇÃO
DELEGACIA DE POLÍCIA CIVIL DE SANTA ?UITÉRIA;1dpsquiteria@pc.ce.gov.br;DELEGACIA MUNICIPAL DE SANTA ?UITÉRIA
DELEGACIA DE POLÍCIA CIVIL DE SANTANA DO ACARAÚ;1dpsacarau@pc.ce.gov.br;DELEGACIA MUNICIPAL DE SANTANA DO ACARAÚ
DELEGACIA DE POLÍCIA CIVIL DE SÃO BENEDITO;1dpsaobenedito@pc.ce.gov.br;DELEGACIA MUNICIPAL DE SÃO BENEDITO
DELEGACIA DE POLÍCIA CIVIL DE TAMBORIL;1dptamboril@pc.ce.gov.br;DELEGACIA MUNICIPAL DE TAMBORIL
DELEGACIA DE POLÍCIA CIVIL DE TIANGUÁ;1dptiangua@pc.ce.gov.br;DELEGACIA REGIONAL DE TIANGUÁ
DELEGACIA DE POLÍCIA CIVIL DE UBAJARA;1dpubajara@pc.ce.gov.br;DELEGACIA MUNICIPAL DE UBAJARA
DELEGACIA DE POLÍCIA CIVIL DE URUBURETAMA;1dpuruburetama@pc.ce.gov.br;DELEGACIA MUNICIPAL DE URUBURETAMA
DELEGACIA DE POLÍCIA CIVIL DE URUOCA;1dpuruoca@pc.ce.gov.br;DELEGACIA MUNICIPAL DE URUOCA
DELEGACIA DE POLÍCIA CIVIL DE VARJOTA;1dpvarjota@pc.ce.gov.br;DELEGACIA MUNICIPAL DE VARJOTA
DELEGACIA DE POLÍCIA CIVIL DE VIÇOSA DO CEARÁ;1dpvicosa@pc.ce.gov.br;DELEGACIA MUNICIPAL DE VIÇOSA DO CEARÁ
1ª DELEGACIA DE POLÍCIA CIVIL DE JUAZEIRO DO NORTE;1dpjuazeiro@pc.ce.gov.br;DELEGACIA REGIONAL DE JUAZEIRO DO NORTE
2ª DELEGACIA DE POLÍCIA CIVIL DE JUAZEIRO DO NORTE;2dpjuazeirodonorte@pc.ce.gov.br;
DELEGACIA DE POLÍCIA CIVIL DE ACOPIARA;1dpacopiara@pc.ce.gov.br;DELEGACIA MUNICIPAL DE ACOPIARA
DELEGACIA DE POLÍCIA CIVIL DE ALTO SANTO;1dpaltosanto@pc.ce.gov.br;DELEGACIA MUNICIPAL DE ALTO SANTO
DELEGACIA DE POLÍCIA CIVIL DE ARACATI;1dparacati@pc.ce.gov.br;DELEGACIA REGIONAL DE ARACATI
DELEGACIA DE POLÍCIA CIVIL DE ARARIPE;1dpararipe@pc.ce.gov.br;DELEGACIA MUNICIPAL DE ARARIPE
DELEGACIA DE POLÍCIA CIVIL DE ASSARÉ;1dpassare@pc.ce.gov.br;DELEGACIA MUNICIPAL DE ASSARÉ
DELEGACIA DE POLÍCIA CIVIL DE AURORA;1dpaurora@pc.ce.gov.br;DELEGACIA MUNICIPAL DE AURORA
DELEGACIA DE POLÍCIA CIVIL DE BANABUIÚ;1dpbanabuiu@pc.ce.gov.br;DELEGACIA MUNICIPAL DE BANABUIÚ
DELEGACIA DE POLÍCIA CIVIL DE BARBALHA;1dpbarbalha@pc.ce.gov.br;DELEGACIA MUNICIPAL DE BARBALHA
DELEGACIA DE POLÍCIA CIVIL DE BARRO;1dpbarro@pc.ce.gov.br;
DELEGACIA DE POLÍCIA CIVIL DE BEBERIBE;1dpbeberibe@pc.ce.gov.br;DELEGACIA MUNICIPAL DE BEBERIBE
DELEGACIA DE POLÍCIA CIVIL DE BREJO SANTO;1dpbrejosanto@pc.ce.gov.br;DELEGACIA REGIONAL DE BREJO SANTO
DELEGACIA DE POLÍCIA CIVIL DE CAMPOS SALES;1dpcampossales@pc.ce.gov.br;DELEGACIA MUNICIPAL DE CAMPOS SALES
DELEGACIA DE POLÍCIA CIVIL DE CARIRIAÇU;1dpcaririacu@pc.ce.gov.br;DELEGACIA MUNICIPAL DE CARIRIAÇU
DELEGACIA DE POLÍCIA CIVIL DE CEDRO;1dpcedro@pc.ce.gov.br;DELEGACIA MUNICIPAL DE CEDRO
DELEGACIA DE POLÍCIA CIVIL DE CRATO;1dpcrato@pc.ce.gov.br;DELEGACIA REGIONAL DE CRATO
DELEGACIA DE POLÍCIA CIVIL DE FARIAS BRITO;1dpfariasbrito@pc.ce.gov.br;DELEGACIA MUNICIPAL DE FARIAS BRITO
DELEGACIA DE POLÍCIA CIVIL DE ICAPUÍ;1dpicapui@pc.ce.gov.br;DELEGACIA MUNICIPAL DE ICAPUÍ
DELEGACIA DE POLÍCIA CIVIL DE ICÓ;1dpico@pc.ce.gov.br;DELEGACIA REGIONAL DE ICÓ
DELEGACIA DE POLÍCIA CIVIL DE IGUATU;1dpiguatu@pc.ce.gov.br;DELEGACIA REGIONAL DE IGUATU
DELEGACIA DE POLÍCIA CIVIL DE IPAUMIRIM;1dpipaumirim@pc.ce.gov.br;DELEGACIA MUNICIPAL DE IPAUMIRIM
DELEGACIA DE POLÍCIA CIVIL DE IRACEMA;1dpiracema@pc.ce.gov.br;DELEGACIA MUNICIPAL DE IRACEMA
DELEGACIA DE POLÍCIA CIVIL DE JAGUARETAMA;1dpjaguaretama@pc.ce.gov.br;DELEGACIA MUNICIPAL DE JAGUARETAMA
DELEGACIA DE POLÍCIA CIVIL DE JAGUARIBE;1dpjaguaribe@pc.ce.gov.br;DELEGACIA REGIONAL DE JAGUARIBE
DELEGACIA DE POLÍCIA CIVIL DE JAGUARUANA;1dpjaguaruana@pc.ce.gov.br;DELEGACIA MUNICIPAL DE JAGUARUANA
DELEGACIA DE POLÍCIA CIVIL DE JARDIM;1dpjardim@pc.ce.gov.br;DELEGACIA MUNICIPAL DE JARDIM
DELEGACIA DE POLÍCIA CIVIL DE JUCÁS;1dpjucas@pc.ce.gov.br;DELEGACIA MUNICIPAL DE JUCÁS
DELEGACIA DE POLÍCIA CIVIL DE LAVRAS DA MANGABEIRA;1dplavras@pc.ce.gov.br;DELEGACIA MUNICIPAL DE LAVRAS DA MANGABEIRA
DELEGACIA DE POLÍCIA CIVIL DE LIMOEIRO DO NORTE;1dplimoeiro@pc.ce.gov.br;DELEGACIA MUNICIPAL DE LIMOEIRO DO NORTE
DELEGACIA DE POLÍCIA CIVIL DE MAURITI;1dpmauriti@pc.ce.gov.br;DELEGACIA MUNICIPAL DE MAURITI
DELEGACIA DE POLÍCIA CIVIL DE MILAGRES;1dpmilagres@pc.ce.gov.br;DELEGACIA MUNICIPAL DE MILAGRES
DELEGACIA DE POLÍCIA CIVIL DE MISSÃO VELHA;1dpmissao@pc.ce.gov.br;DELEGACIA MUNICIPAL DE MISSÃO VELHA
DELEGACIA DE POLÍCIA CIVIL DE MOMBAÇA;1dpmombaca@pc.ce.gov.br;DELEGACIA MUNICIPAL DE MOMBAÇA
DELEGACIA DE POLÍCIA CIVIL DE MORADA NOVA;1dpmoradanova@pc.ce.gov.br;DELEGACIA MUNICIPAL DE MORADA NOVA
DELEGACIA DE POLÍCIA CIVIL DE NOVA OLINDA;1dpnovaolinda@pc.ce.gov.br;DELEGACIA MUNICIPAL DE NOVA OLINDA
DELEGACIA DE POLÍCIA CIVIL DE ORÓS;1dporos@pc.ce.gov.br;DELEGACIA MUNICIPAL DE ORÓS
DELEGACIA DE POLÍCIA CIVIL DE PARAMBU;1dpparambu@pc.ce.gov.br;DELEGACIA MUNICIPAL DE PARAMBU
DELEGACIA DE POLÍCIA CIVIL DE PEDRA BRANCA;1dppedrabranca@pc.ce.gov.br;DELEGACIA MUNICIPAL DE PEDRA BRANCA
DELEGACIA DE POLÍCIA CIVIL DE PENAFORTE;1dppenaforte@pc.ce.gov.br;DELEGACIA MUNICIPAL DE PENAFORTE
DELEGACIA DE POLÍCIA CIVIL DE ?UITERIANÓPOLIS;Não encontrado;DELEGACIA MUNICIPAL DE ?UITERIANÓPOLIS
DELEGACIA DE POLÍCIA CIVIL DE ?UIXADÁ;1dpquixada@pc.ce.gov.br;DELEGACIA REGIONAL DE ?UIXADÁ
DELEGACIA DE POLÍCIA CIVIL DE ?UIXERAMOBIM;1dpquixeramobim@pc.ce.gov.br;DELEGACIA MUNICIPAL DE ?UIXERAMOBIM
DELEGACIA DE POLÍCIA CIVIL DE RUSSAS;1dprussas@pc.ce.gov.br;DELEGACIA REGIONAL DE RUSSAS
DELEGACIA DE POLÍCIA CIVIL DE SABOEIRO;1dpsaboeiro@pc.ce.gov.br;DELEGACIA MUNICIPAL DE SABOEIRO
DELEGACIA DE POLÍCIA CIVIL DE SÃO JOÃO DO JAGUARIBE;1dpsjjaguaribe@pc.ce.gov.br;DELEGACIA MUNICIPAL DE SÃO JOÃO DO JAGUARIBE
DELEGACIA DE POLÍCIA CIVIL DE SENADOR POMPEU;1dpspompeu@pc.ce.gov.br;DELEGACIA REGIONAL DE SENADOR POMPEU
DELEGACIA DE POLÍCIA CIVIL DE SOLONÓPOLE;1dpsolonopole@pc.ce.gov.br;DELEGACIA MUNICIPAL DE SOLONÓPOLE
DELEGACIA DE POLÍCIA CIVIL DE TABULEIRO DO NORTE;1dptabuleiro@pc.ce.gov.br;DELEGACIA MUNICIPAL DE TABULEIRO DO NORTE
DELEGACIA DE POLÍCIA CIVIL DE TAUÁ;1dptaua@pc.ce.gov.br;DELEGACIA REGIONAL DE TAUÁ
DELEGACIA DE POLÍCIA CIVIL DE VÁRZEA ALEGRE;1dpvarzea@pc.ce.gov.br;DELEGACIA MUNICIPAL DE VÁRZEA ALEGRE
1ª Delegacia de Polícia Civil de Carnaubal;1dpcarnaubal@pc.ce.gov.br;
1ª Delegacia de Polícia Civil de Aiuaba;1dpaiuaba@pc.ce.gov.br;
1ª Delegacia de Polícia Civil de Caridade;1dpcaridade@pc.ce.gov.br;
1ª Delegacia de Polícia Civil de Croatá;1dpcroata@pc.ce.gov.br;
1ª Delegacia de Polícia Civil de Fortim;1dpfortim@pc.ce.gov.br;
1ª Delegacia de Polícia Civil de Frecheirinha;1dpfrecheirinha@pc.ce.gov.br;
1ª Delegacia de Polícia Civil de Ibiapina;1dpibiapina@pc.ce.gov.br;
1ª Delegacia de Polícia Civil de Palmacia;1dppalmacia@pc.ce.gov.br;
1ª Delegacia de Polícia Civil de Quixere;1dpquixere@pc.ce.gov.br;
1ª Delegacia de Polícia Civil de Reriutaba;1dpreriutaba@pc.ce.gov.br;
1ª Delegacia de Polícia Civil de Tejuçuoca;1dptejucuoca@pc.ce.gov.br;
1ª Delegacia de Polícia Civil de Tururu;1dptururu@pc.ce.gov.br;
1ª Delegacia de Polícia Civil de Umirim;1dpumirim@pc.ce.gov.br;
3ª Seccional do Interior Sul;3sis@pc.ce.gov.br;
Delegacia Eletrônica;deletron@pc.ce.gov.br;
Delegacia de Polícia Civil de Acidentes e Delitos de Transito;dadt@pc.ce.gov.br;
Inteligência - Delegacia de Polícia Civil de Tiangua;seint.1dptiangua@pc.ce.gov.br;
Investigações e Operações - 4ª Delegacia de Polícia Civil de Caucaia;seop.4dpcaucaia@pc.ce.gov.br;
Investigações e Operações - 4ª Delegacia de Polícia Civil de Maracanau;seop.4dpmaracanau@pc.ce.gov.br;
Central de Procedimentos Digitais;coplanpcce@gmail.com | coplan@pc.ce.gov.br;
Banco do Brasil - SIMBA;"simba@bb.com.br; mariohlporto@bb.com.br";
Banco Itau;procotolocentralacoesparacadastro@itau-unibanco.com.br;
Bombeiros Comando Geral;cmtgeral@cb.ce.gov.br;
Cartório do 2º Ofício da Comarca de Farias Brito/CE;heliotabeliao@hotmai.com;
Central de Acompanhamento de Medidas Cautelaraes (CAP);cmc@sap.ce.gov.br;
Coordenadoria Especial de Administração Prisional;coeap@sap.ce.gov.br;
Central de Alternativas Penais - CAP/COAP;"cap@sap.ce.gov.br; coap@sap.ce.gov.br";
Central de Alternativas Penais - (informação de imposição/revogação de medidas, solicitação de endereco e/ou contato telefônico, etc).;cmc@sap.ce.gov.br;
Central de Monitoramento Eletrônico (instalação/remoção de tomozeleira, relatório de monitoramento, etc);comep@sap.ce.gov.br;
Monitoramento Eletrônico (colocar tornozeleira);monitoramento.eletronico@sap.ce.gov.br;
CENTRO EDUCACIONAL PATATIVA DO ASSARÉ;cepa@seas.ce.gov.br ;
Comando da Polícia Militar do Ceará;gabadj.jus@pm.ce.gov.br;
Comando do Corpo de Bombeiros Militar do Ceará;cmtgeral@cb.ce.gov.br;
Conselho Tutelar de Lavras da Mangabeira - CARIRI;annacristina_as@hotmail.com ;
Controladoria Geral de Disciplina dos Orgaos de Segurança Pública;cgd@cgd.ce.gov.br;
Coordenadoria da Defensoria Criminal (Defensoria Pública);cdc@defensoria.ce.def.br;
Coordenadoria de Inteligência da Polícia Civil;guardiao.ceara@sspds.ce.gov.br;
Coordenadoria dos Estabelecimentos Prisionais (COESP) ;coesp@sap.ce.gov.br;
Delegacia da Receita Federal do Brasil - quebra de sigilo;expedientesrfb.rf03@rfb.gov.br;
Delegacia Geral de Polícia Civil do Estado do Ceará;gabinete@policiacivil.ce.gov.br;
DENATRAN;"gabinete.denatran@cidades.gov.br; denatran@cidades.gov.br; cgie@cidades.gov.br; cgie@cidades.gov.br";
Departamento de Escoltas Secretaria de Administração Penitenciária - SAP;escoltas@sap.ce.gov.br;
DEPARTAMENTO DE INFORMÁTICA DA PC;detic@policiacivil.ce.gov.br;
Departamento de Polícia Judiciária da Capital;dpc@policiacivil.ce.gov.br;
DEPARTAMENTO DE RECUPERAÇÃO DE ATIVOS E COOPERAÇÃO JURÍDICA INTERNACIONAL (DRCI) - SECRETARIA NACIONAL DE JUSTIÇA;protocolo.drci@mj.gov.br;
Departamento Estadual de Trânsito do Ceará (DETRAN/CE);judicial@detran.ce.gov.br;
DEPEN ;cgicr.dispf@mj.gov.br;
Depósito de Veículos Removidos da Polícia Civil;gestao.ativos@policiacivil.ce.gov.br;
DETRAN Santa Catarina;juridica@detran.sc.gov.br ;
Distribuição Trib de Justiça Amazonas;prot.jud1jrau@tjam.jus.br ;
Ficco;ficco.ce@sspds.ce.gov.br;
Grupo de Atuação Especial de Combate às Organizações Criminosas - GAECO;gaeco@mpce.mp.br ;
Guarda Municipal de Fortaleza - GMF;"gmf@gmf.fortaleza.ce.gov.br; protocolo@gmf.fortaleza.ce.gov.br";
Hospital Infantil Albert Sabin - diretora;patricia.sampaio@hias.ce.gov.br;
ITAÚ SÃO PAULO;ItauJudicial@itau-unibanco.com.br;
OAB/CE;presidencia@oabce.org.br;
PEFOCE - CIHPB (Coordenadoria de Identificação Humana e Perícias Biomédicas);nucce.cihpb@pefoce.ce.gov.br ;
PEFOCE - COMEL (Coodenadoria de Medicina Legal);gabinete.comel@pefoce.ce.gov.br;
Perícia Forense do Estado do Ceará - PEFOCE (Coordenadoria de Perícia Criminal);nucce.copec@pefoce.ce.gov.br;
Perícia Forense do Estado do Ceará - PEFOCE (Documento);laudos@pefoce.ce.gov.br;
Perícia Forense do Estado do Ceará - PEFOCE (NUBAF);nubaf.copec@pefoce.ce.gov.br;
Perícia Forense do Estado do Ceará - PEFOCE (Requisição de Perito Criminal);atendimento.rh@pefoce.ce.gov.br;
Presídio Militar Ceará;presidio.pm@pm.ce.gov.br;
Procuradoria Geral de Justiça - Gabinete;gabinetepgj@mpce.mp.br;
Procuradoria Geral de Justiça - MPCE;protocolo.sead@mpce.mp.br;
Protocolo Banco Central - BACEN;admin.ecm.deinf@bcb.gov.br;
Delegacia da Receita Federal do Brasil / Superintendência da Receita Federal na 3ª Região Fiscal;gabinete.drffor.rf03@rfb.gov.br;
Secretaria de Administração Penitenciária - SAP - CEAP (Coordenadoria Especial de Administração Penitenciária);ceap@sap.ce.gov.br;
Secretaria de Administração Penitenciária - SAP - COGEP (Coordenadoria de Gestão de Pessoas);cogep@sap.ce.gov.br;
Secretaria de Administração Penitenciária - SAP - GERAL;coeap@sap.ce.gov.br;
Secretaria de Administração Penitenciária - SAP - Secretário;mauro.albuquerque@sap.ce.gov.br;
Secretaria de Administração Penitenciária - SAP - Gabinete;gabinete@sap.ce.gov.br;
Secretaria de Segurança Pública e Defesa Social;secretaria@sspds.ce.gov.br;
Secretaria Nacional Antidrogas;senad@mj.gov.br;
SEFAZ/CE;"asjur@sefaz.ce.gov.br; gabinete@sefaz.ce.gov.br";
Superintendência da Polícia Federal - CE;"gab.srce@dpf.gov.br; gab.srce@pf.gov.br";
Superintendência da Polícia Rodoviária Federal - CE;gab.ce@prf.gov.br;
Superintendência Estadual do Atendimento Socioeducativo;protocolo@seas.ce.gov.gov.br ;
UBER Fortaleza;lert@uber.com;
Unidades Prisionais Ceará;https://www.sap.ce.gov.br/coeap/unidades-prisionais/;
UPA Edson Queiroz;direcaoupaeq@fundacaoldm.com.br;
Videoconferência presídio federal;cgicr.dispf@mj.gov.br;
PGE RN;gabprocuradorgeral@pge.rn.gov.br;
Procuradoria Geral do Estado - CE (PGE/CE);atendimento.projud@pge.ce.gov.br;
Perito Geral da PEFOCE (Júlio César Nogueira Torres);julio.cesar@pefoce.ce.gov.br;
Gestão de Ativos - PCCE;dra@policiacivil.ce.gov.br;
TIM;graop_oficios@timbrasil.com.br;
Claro Nextel e Embratel;oficios.doc@claro.com.br;
OI;qsoi@oi.net.br;
VIVO / GVT / Telefônica;ordens.sigilo.br@telefonica.com;
B3 Gestora do Sistema Nacional de Gravames;oficios@b3.com.br;
B3 - Valores Mobiliarios;atendimento.oficios@b3.com.br;
NÚCLEO AVANÇADO DE INTELIGÊNCIA - NAI (Tianguá);nai.tiangua@policiacivil.ce.gov.br;
NAI - Núcleo Avançado de Inteligência;Cada Delegacia Regional tem um NAI próprio;
DEPARTAMENTO DE HOMICÍDIO E PROTEÇÃO À PESSOA – DHPP;dhpp@policiacivil.ce.gov.br;
Assessoria de Apoio ao Judiciário - AAPJ (Condução Coercitiva);aasj@pc.ce.gov.br;
NÚCLEO AVANÇADO DE INTELIGÊNCIA - NAI (Crato);drcrato.inteligencia@policiacivil.ce.gov.br;
CAGECE;coordenadoria.gecadoficio@cagece.com.br;
ENEL;resposta.cliente@enel.com;
Prefeitura do Município de Eusébio;prefeitura@eusebio.ce.gov.br;
DNIT;"dg.seaa@dnit.gov.br; protocolo.ce@dnit.gov.br";
Autarquia Municipal de Trânsito - AMC (Fortaleza);"projur@amc.fortaleza.ce.gov.br; protocolo@amc.fortaleza.ce.gov.br";
Corregedoria Geral dos Presídios do Estado do São Paulo/SP;executivosap@sp.gov.br;
Centro Especializado de Apoio às Vítimas da Comarca de Fortaleza (Ceav);for.ceav@tjce.jus.br;
Policia Rodoviária Federal (Requisição para audiências);protocolo.ce@prf.gov.br;
INSS - Instituto Nacional do Seguro Social;gexfor@inss.gov.br;
COMARCA DE FORTALEZA - SEÇÃO DE DEPÓSITO PÚBLICO;for.depositopublico@tjce.jus.br;
Instituto Federal de Educação, Ciência e Tecnologia do Ceará - IFCE;gabinete.fortaleza@ifce.edu.br;
Divisão de Repreensão a Entorpecentes - Polícia Federal;"dre.drcor.srce@pf.gov.br; roberto.rlf@pf.gov.br";
COORDENADORIA DE INTELIGÊNCIA - COIN;coin@sspds.ce.gov.br;
Defensoria Pública Geral;gabinete@defensoria.ce.def.br;
Procuradoria Geral do Estado do Rio de Janeiro/RJ;gpgsecretarias@pge.rj.gov.br;
Centro Integrado de Operações de Segurança - CIOPS;adm.ciops@sspds.ce.gov.br;
Ministério da Justiça e Segurança Pública;chefiadegabinete@mj.gov.br;
SERASAJUD (e-mail para negativa);Serasajud@br.experian.com;
NÚCLEO AVANÇADO DE INTELIGÊNCIA - NAI (Sobral);"seint.1@pc.ce.gov.br; sobralnai14@gmail.com";
Central de Vagas de Medidas Socioeducativas - Estado do Ceará;contato.crv@seas.ce.gov.br;
Núcleo de Acolhimento às Vítimas de Violência – NUAVV;nuavv@mpce.mp.br;
Departamento de Polícia Judiciária do Interior Sul – DPJI/SUL;seint.dpis@pc.ce.gov.br;
Departamento de Inteligência Policial do Estado do Ceará - DIP (antigo NUIP);dip@pc.ce.gov.br;
Central de Procedimentos Digitais;"coplanpcce@gmail.com; coplan@pc.ce.gov.br";
DETRAN Paraíba;"protocolo@detran.pb.gov.br; veiculos@detran.pb.gov.br";
Requisição de Policial Militar para audiência presencial;subcmtgeral@policiamilitar.ce.gov.br;
Requisição de Policial Civil para audiência presencial;dpc@policiacivil.ce.gov.br;
Instituto Doutor José Frota - IJF;superintendencia.ijf@ijf.fortaleza.ce.gov.br;
Penitenciária Federal em Porto Velho - RO;protocolo.pfpv@mj.gov.br;
RENAJUD;renajud@cnj.jus.br;
Secretaria de Sistemas Penal e Socioeducativo da Polícia Penal do Estado do Rio Grande do Sul;gabinete@ssps.rs.gov.br;
Departamento de Inteligência Policial do Estado do Ceará (IMPEDIMENTOS ENTRE DEFENSORES);cdc@defensoria.ce.def.br;
Superintendência da Polícia Rodoviária Federal do Ceará - PRF;gab.ce@prf.gov.br;
Audiência Policia Civil ;audiencia@pc.ce.gov.br;
DETRAN Pernambuco;detran@detran.pe.gov.br;
